"userid","Altersgruppe","condition","TLX_mental","TLX_physical","TLX_temporal","TLX_perf_raw","TLX_effort","TLX_frustration","TLX_total","PANAS_PA","PANAS_NA","UES_FA","UES_PU","UES_AE","UES_RW","UES_total","MFI_GF","Stress","avg_watchtime_nichtKI","avg_watchtime_KI","Alter"
"teilnehmer1_2","young adults",0,10,5,10,5,5,5,21.6666666666667,19,17,2.33333333333333,4.66666666666667,2.33333333333333,1.66666666666667,2.75,11,70,8.1268904109589,NA,21
"teilnehmer1_2","young adults",25,5,5,5,5,15,5,21.6666666666667,12,17,2,3,2.66666666666667,1.66666666666667,2.33333333333333,11,76,6.79806779661017,9.80295,21
"teilnehmer1_2","young adults",100,5,5,5,5,5,35,25,10,20,1.33333333333333,5,2.33333333333333,1.33333333333333,2.5,10,80,NA,7.10419047619048,21
"teilnehmer1_2","young adults",50,5,5,5,5,5,45,26.6666666666667,10,18,1.66666666666667,4,2,1,2.16666666666667,10,60,6.59593023255814,6.64455813953488,21
"teilnehmer1_2","young adults",75,5,5,5,5,5,60,29.1666666666667,10,21,1.33333333333333,3.66666666666667,2.33333333333333,1,2.08333333333333,10,80,5.18211428571429,3.93080188679245,21
"teilnehmer2_2","young adults",100,10,30,50,50,50,50,40,30,14,1.66666666666667,4,2.66666666666667,1.33333333333333,2.41666666666667,8,33,NA,3.78835443037975,21
"teilnehmer2_2","young adults",75,15,20,15,50,10,50,26.6666666666667,29,15,2,3,2,1,2,9,25,7.38913636363636,2.0795303030303,21
"teilnehmer2_2","young adults",0,15,20,25,50,20,50,30,28,17,2.33333333333333,3.66666666666667,3.66666666666667,2.33333333333333,3,9,23,4.28253571428571,NA,21
"teilnehmer2_2","young adults",50,10,20,20,50,35,60,32.5,27,16,1,2.66666666666667,2,1,1.66666666666667,9,27,3.07278888888889,2.69863333333333,21
"teilnehmer2_2","young adults",25,10,20,20,50,50,65,35.8333333333333,27,17,1.33333333333333,2.66666666666667,2.33333333333333,1,1.83333333333333,9,27,2.98923577235772,5.619,21
"teilnehmer4_2","young adults",25,15,10,35,55,35,50,31.6666666666667,22,13,2.66666666666667,3.33333333333333,2.33333333333333,2,2.58333333333333,10,22,6.99104411764706,5.58240909090909,20
"teilnehmer4_2","young adults",0,20,5,10,40,30,15,23.3333333333333,16,10,2,2.66666666666667,2,1.33333333333333,2,10,30,4.64850387596899,NA,20
"teilnehmer4_2","young adults",50,5,5,20,15,10,85,35,11,15,2,1.33333333333333,1.66666666666667,1.33333333333333,1.58333333333333,7,70,2.31338596491228,8.05403448275862,20
"teilnehmer4_2","young adults",100,5,5,25,10,5,90,36.6666666666667,10,13,2,1,1.33333333333333,1.33333333333333,1.41666666666667,8,84,NA,4.7504126984127,20
"teilnehmer4_2","young adults",75,5,5,5,15,25,95,36.6666666666667,10,14,2,1,1.66666666666667,1.33333333333333,1.5,8,86,4.90103125,4.55293617021277,20
"teilnehmer3_2B","young adults",50,5,5,5,15,5,10,19.1666666666667,23,16,1.66666666666667,3.33333333333333,2.66666666666667,1.66666666666667,2.33333333333333,15,45,8.1223947368421,6.88015789473684,25
"teilnehmer3_2B","young adults",75,5,5,10,5,5,5,20.8333333333333,14,20,1,2,1,1,1.25,10,17,4.98586842105263,3.5667652173913,25
"teilnehmer3_2B","young adults",25,5,5,5,5,5,5,20,11,20,1.66666666666667,1.33333333333333,1.66666666666667,1.33333333333333,1.5,12,54,3.62649074074074,5.35656756756757,25
"teilnehmer3_2B","young adults",100,5,5,5,5,5,5,20,10,10,1,2.33333333333333,1,1,1.33333333333333,8,95,NA,4.50867669172932,25
"teilnehmer3_2B","young adults",0,10,15,15,20,5,15,23.3333333333333,19,26,2.66666666666667,3,3,2.66666666666667,2.83333333333333,13,49,6.57247252747253,NA,25
"teilnehmer5_2","young adults",100,5,5,5,100,5,75,15.8333333333333,11,11,1,3.66666666666667,3.33333333333333,1,2.25,9,70,NA,4.56711111111111,24
"teilnehmer5_2","young adults",0,25,5,20,100,10,60,20,15,10,3.33333333333333,4,3.33333333333333,2.66666666666667,3.33333333333333,10,70,6.54667032967033,NA,24
"teilnehmer5_2","young adults",75,20,5,30,90,10,5,13.3333333333333,16,11,2,4.66666666666667,2.33333333333333,1.66666666666667,2.66666666666667,9,77,14.3978181818182,13.48528125,24
"teilnehmer5_2","young adults",25,10,10,25,80,15,50,21.6666666666667,17,11,2.66666666666667,4,3.66666666666667,2,3.08333333333333,9,68,8.56146296296296,7.26055555555556,24
"teilnehmer5_2","young adults",50,15,10,25,90,25,20,17.5,20,10,2.33333333333333,3.66666666666667,2.66666666666667,2.66666666666667,2.83333333333333,9,74,8.64530303030303,8.72676470588235,24
"teilnehmer6_2","young adults",75,15,5,30,55,10,20,20.8333333333333,25,10,3,4.33333333333333,3,2.66666666666667,3.25,9,12,10.9135555555556,7.25614545454545,24
"teilnehmer6_2","young adults",50,25,10,15,50,15,15,21.6666666666667,20,10,4,4.33333333333333,3.66666666666667,3.66666666666667,3.91666666666667,10,5,7.32869047619048,6.91614285714286,24
"teilnehmer6_2","young adults",100,20,5,30,50,5,5,19.1666666666667,18,10,3.66666666666667,4,3,3.33333333333333,3.5,13,3,NA,4.83622580645161,24
"teilnehmer6_2","young adults",25,20,10,20,55,25,10,21.6666666666667,14,10,2,3.33333333333333,3.33333333333333,2.33333333333333,2.75,17,3,6.64164197530864,2.20915384615385,24
"teilnehmer6_2","young adults",0,20,15,25,45,45,20,30,16,11,2,2.66666666666667,3.66666666666667,2,2.58333333333333,18,3,5.16962931034483,NA,24
"teilnehmer7_2","young adults",25,15,5,15,50,20,15,20,18,11,2.66666666666667,5,3.33333333333333,3,3.5,6,5,6.04796610169492,12.0761578947368,18
"teilnehmer8_2","young adults",0,5,5,5,80,5,10,8.33333333333333,16,11,2.66666666666667,4.66666666666667,4.33333333333333,2.66666666666667,3.58333333333333,9,1,9.60239344262295,NA,24
"teilnehmer7_2","young adults",50,15,10,5,55,10,5,15,17,11,3.66666666666667,4.33333333333333,3,2.66666666666667,3.41666666666667,6,5,5.06841818181818,5.48894642857143,18
"teilnehmer8_2","young adults",100,5,5,5,75,5,5,8.33333333333333,20,10,2.66666666666667,5,4.33333333333333,2,3.5,10,0,NA,12.8130222222222,24
"teilnehmer7_2","young adults",0,20,5,10,65,25,15,18.3333333333333,15,12,3.33333333333333,4,3.66666666666667,2,3.25,5,6,5.01191525423729,NA,18
"teilnehmer8_2","young adults",25,35,5,5,60,25,20,21.6666666666667,12,10,2.33333333333333,3,4.33333333333333,1.66666666666667,2.83333333333333,10,1,5.11513043478261,9.85841666666667,24
"teilnehmer7_2","young adults",75,20,5,30,70,10,25,20,15,11,3,4.66666666666667,2.66666666666667,1.33333333333333,2.91666666666667,5,5,2.348,3.03122222222222,18
"teilnehmer8_2","young adults",75,65,5,40,70,5,10,25.8333333333333,12,10,2,2.66666666666667,4.33333333333333,1.66666666666667,2.66666666666667,10,7,4.2257,4.14365217391304,24
"teilnehmer7_2","young adults",100,20,5,30,60,25,10,21.6666666666667,16,10,3,3.33333333333333,3.33333333333333,1,2.66666666666667,4,5,NA,2.6675,18
"teilnehmer8_2","young adults",50,60,5,35,60,45,35,36.6666666666667,13,11,2.33333333333333,4.33333333333333,4.33333333333333,1.66666666666667,3.16666666666667,10,11,4.43961111111111,9.4817027027027,24
"teilnehmer9_2","young adults",75,15,5,40,50,15,35,26.6666666666667,16,18,2,2.66666666666667,3.33333333333333,2,2.5,8,5,5.36690909090909,7.00227941176471,24
"teilnehmer9_2","young adults",100,25,5,15,35,45,70,37.5,14,23,2.33333333333333,2,3.33333333333333,2,2.41666666666667,9,9,NA,7.99644,24
"teilnehmer9_2","young adults",50,35,15,10,40,25,80,37.5,13,29,2,2,2.66666666666667,1.66666666666667,2.08333333333333,4,9,8.37575675675676,7.49928947368421,24
"teilnehmer9_2","young adults",0,40,10,15,45,30,70,36.6666666666667,19,17,2.33333333333333,2.33333333333333,3.66666666666667,2,2.58333333333333,7,5,7.31375609756098,NA,24
"teilnehmer9_2","young adults",25,35,10,35,55,45,75,40.8333333333333,17,23,2.33333333333333,2,2.66666666666667,2,2.25,4,12,6.04224705882353,3.07471428571429,24
"teilnehmer10_2","young adults",50,5,5,25,45,5,15,18.3333333333333,12,21,2.66666666666667,3.33333333333333,1.33333333333333,1.66666666666667,2.25,18,22,7.61262222222222,5.68255555555556,25
"teilnehmer10_2","young adults",25,20,5,20,50,30,35,26.6666666666667,13,22,2.33333333333333,3.33333333333333,2,1.33333333333333,2.25,19,27,9.17105263157895,18.1965384615385,25
"teilnehmer10_2","young adults",75,20,5,45,50,55,60,39.1666666666667,11,17,2.33333333333333,2.66666666666667,1.33333333333333,1.33333333333333,1.91666666666667,20,40,12.0256666666667,7.36915384615385,25
"teilnehmer10_2","young adults",0,5,5,20,35,50,75,36.6666666666667,10,18,2.33333333333333,3.66666666666667,1.33333333333333,1.33333333333333,2.16666666666667,20,51,7.73914285714286,NA,25
"teilnehmer10_2","young adults",100,10,5,30,45,55,65,36.6666666666667,12,14,2.33333333333333,3,2,1.33333333333333,2.16666666666667,20,55,NA,5.63814150943396,25
"teilnehmer11_2","young adults",0,5,15,30,35,5,35,25.8333333333333,16,12,3,5,2.66666666666667,3,3.41666666666667,11,3,7.98278666666667,NA,24
"teilnehmer11_2","young adults",25,20,15,25,45,5,30,25,16,12,3,4.33333333333333,2.66666666666667,3,3.25,12,9,6.12004109589041,5.99633333333333,24
"teilnehmer11_2","young adults",100,5,5,30,20,5,50,29.1666666666667,12,16,3,3.33333333333333,1.66666666666667,1.33333333333333,2.33333333333333,13,15,NA,3.86325161290323,24
"teilnehmer11_2","young adults",50,10,15,20,35,15,25,25,15,12,3.66666666666667,4.33333333333333,2.66666666666667,2.33333333333333,3.25,14,9,4.8819125,2.5429875,24
"teilnehmer11_2","young adults",75,5,5,25,35,20,25,24.1666666666667,14,12,3.66666666666667,4,2.33333333333333,1,2.75,12,9,3.80506666666667,2.23231111111111,24
"teilnehmer12_2","young adults",100,5,5,5,75,5,55,16.6666666666667,12,19,1.66666666666667,3,3,1,2.16666666666667,15,67,NA,3.69947826086957,21
"teilnehmer12_2","young adults",75,10,5,5,75,5,60,18.3333333333333,12,18,2.33333333333333,3.33333333333333,3.33333333333333,1.66666666666667,2.66666666666667,14,67,8.33304444444444,1.48264444444444,21
"teilnehmer12_2","young adults",0,5,5,25,80,5,25,14.1666666666667,12,14,2.33333333333333,3.66666666666667,3,1.66666666666667,2.66666666666667,13,73,5.51403703703704,NA,21
"teilnehmer12_2","young adults",50,5,5,25,30,20,70,32.5,14,22,3.33333333333333,3.66666666666667,3.33333333333333,1.33333333333333,2.91666666666667,13,79,4.77171111111111,1.42226666666667,21
"teilnehmer12_2","young adults",25,5,5,10,15,5,65,29.1666666666667,12,20,3.33333333333333,3,4,1.66666666666667,3,14,72,3.61415555555556,1.45591111111111,21
"teilnehmer13_2","young adults",50,15,25,50,100,15,75,30,18,21,2,2.33333333333333,3.33333333333333,2,2.41666666666667,8,12,3.19261111111111,2.55772222222222,19
"teilnehmer13_2","young adults",75,25,30,55,100,15,65,31.6666666666667,12,19,2.33333333333333,2.66666666666667,3.66666666666667,1.33333333333333,2.5,10,19,2.38322222222222,2.42536296296296,19
"teilnehmer13_2","young adults",25,20,20,25,95,15,70,25.8333333333333,12,20,1.66666666666667,2.66666666666667,3.33333333333333,1,2.16666666666667,12,35,2.88066666666667,1.85262222222222,19
"teilnehmer13_2","young adults",100,30,25,40,95,30,75,34.1666666666667,12,16,1.66666666666667,2.33333333333333,3.66666666666667,1.33333333333333,2.25,9,29,NA,2.17570555555556,19
"teilnehmer13_2","young adults",0,25,20,60,95,10,60,30,12,12,2,2.33333333333333,3.66666666666667,1.33333333333333,2.33333333333333,11,38,1.65400555555556,NA,19
"teilnehmer14_2","young adults",25,35,15,20,60,5,40,25.8333333333333,23,17,2.33333333333333,5,3.66666666666667,3.66666666666667,3.66666666666667,18,45,13.4518076923077,18.1402222222222,24
"teilnehmer14_2","young adults",0,45,15,45,45,30,50,40,22,22,2.33333333333333,3.66666666666667,3.33333333333333,3.33333333333333,3.16666666666667,16,50,5.93845918367347,NA,24
"teilnehmer14_2","young adults",50,25,15,30,55,30,50,32.5,13,23,1.33333333333333,2,1.66666666666667,1.66666666666667,1.66666666666667,19,53,4.57337254901961,7.14827450980392,24
"teilnehmer14_2","young adults",100,30,20,75,25,55,80,55.8333333333333,13,30,1,1.66666666666667,1,1,1.16666666666667,20,66,NA,4.31941489361702,24
"teilnehmer14_2","young adults",75,70,50,90,70,75,100,69.1666666666667,18,40,1,1.33333333333333,1.33333333333333,1,1.16666666666667,20,82,3.55751219512195,3.61134710743802,24
"teilnehmer15_2","young adults",100,10,15,25,30,5,65,31.6666666666667,15,18,2.66666666666667,3.33333333333333,3,1.33333333333333,2.58333333333333,12,21,NA,8.44604225352113,20
"teilnehmer15_2","young adults",0,35,20,15,35,20,15,28.3333333333333,27,11,2.66666666666667,4.33333333333333,4,3.66666666666667,3.66666666666667,11,26,12.7602765957447,NA,20
"teilnehmer15_2","young adults",75,20,15,5,50,20,60,28.3333333333333,17,16,1.33333333333333,2.66666666666667,3,1.66666666666667,2.16666666666667,15,17,8.46913043478261,5.8683768115942,20
"teilnehmer15_2","young adults",25,20,10,10,75,25,15,17.5,31,12,2.33333333333333,4.33333333333333,4,3.33333333333333,3.5,12,8,7.47244444444444,6.442,20
"teilnehmer15_2","young adults",50,15,10,20,45,15,40,25.8333333333333,13,16,2,2.66666666666667,2.66666666666667,1.66666666666667,2.25,14,29,5.93949056603774,5.47934615384615,20
"teilnehmer16_2","young adults",75,5,10,5,15,10,45,26.6666666666667,12,21,1.66666666666667,3,2,1,1.91666666666667,17,11,3.86793333333333,1.90548888888889,23
"teilnehmer16_2","young adults",50,10,10,10,10,10,65,32.5,12,21,2.33333333333333,3.33333333333333,2.33333333333333,1.33333333333333,2.33333333333333,17,9,4.06151111111111,1.75546666666667,23
"teilnehmer16_2","young adults",100,5,5,5,5,30,80,36.6666666666667,10,29,1.66666666666667,2.33333333333333,2.33333333333333,1.33333333333333,1.91666666666667,17,10,NA,2.43555,23
"teilnehmer16_2","young adults",25,5,5,10,10,65,95,45,10,26,1.33333333333333,2.33333333333333,1.66666666666667,1,1.58333333333333,18,13,3.94739516129032,1.99059523809524,23
"teilnehmer16_2","young adults",0,5,5,5,5,95,90,49.1666666666667,10,23,1.33333333333333,2.66666666666667,2.33333333333333,1,1.83333333333333,18,10,2.65893888888889,NA,23
"teilnehmer17_2","young adults",25,20,5,20,90,5,5,10.8333333333333,21,12,2.66666666666667,4.66666666666667,2.66666666666667,2,3,15,5,6.8870625,7.36995238095238,19
"teilnehmer17_2","young adults",50,25,5,15,85,10,5,12.5,21,12,3.66666666666667,4,2.33333333333333,3,3.25,14,5,7.14897619047619,6.85227906976744,19
"teilnehmer17_2","young adults",0,30,5,15,95,10,5,11.6666666666667,19,14,4,3.33333333333333,2.66666666666667,3,3.25,15,5,4.980225,NA,19
"teilnehmer17_2","young adults",75,20,10,15,95,20,15,14.1666666666667,25,15,4,3.66666666666667,3,3.33333333333333,3.5,15,5,2.07151724137931,6.20209195402299,19
"teilnehmer17_2","young adults",100,30,25,15,95,20,15,18.3333333333333,19,15,4.33333333333333,2.66666666666667,3.66666666666667,2.66666666666667,3.33333333333333,16,5,NA,4.74353174603175,19
"teilnehmer18_2B","young adults",0,10,10,25,35,10,20,23.3333333333333,33,21,2.33333333333333,3.66666666666667,3,3,3,9,20,2.38506666666667,NA,18
"teilnehmer19_2B","young adults",75,10,10,15,45,10,20,20,35,15,3.66666666666667,4.33333333333333,3,3.66666666666667,3.66666666666667,6,15,2.22537777777778,2.0524,18
"teilnehmer18_2B","young adults",100,10,10,15,15,10,30,26.6666666666667,35,19,2.33333333333333,2.66666666666667,2.66666666666667,2,2.41666666666667,9,25,NA,1.64322222222222,18
"teilnehmer19_2B","young adults",100,10,10,15,15,10,40,28.3333333333333,30,16,3.33333333333333,3,2.66666666666667,2,2.75,8,25,NA,2.39153333333333,18
"teilnehmer19_2B","young adults",50,10,10,25,20,15,50,31.6666666666667,23,18,2.33333333333333,2.33333333333333,2.66666666666667,2,2.33333333333333,8,31,2.56905555555556,1.78332222222222,18
"teilnehmer18_2B","young adults",25,5,10,20,15,15,50,30.8333333333333,31,21,2.33333333333333,2,2.66666666666667,1.66666666666667,2.16666666666667,7,35,1.99082962962963,1.45624444444444,18
"teilnehmer19_2B","young adults",0,10,10,15,15,15,60,32.5,27,13,3.33333333333333,2.33333333333333,2.66666666666667,2,2.58333333333333,8,31,1.83723333333333,NA,18
"teilnehmer18_2B","young adults",75,5,5,25,25,25,60,32.5,36,19,2,2,2.66666666666667,2,2.16666666666667,6,38,1.99331111111111,1.60795555555556,18
"teilnehmer18_2B","young adults",50,20,5,20,50,25,75,32.5,36,18,2.33333333333333,2.66666666666667,2.66666666666667,2,2.41666666666667,6,40,1.88292222222222,2.04214444444444,18
"teilnehmer19_2B","young adults",25,10,10,30,35,15,55,30.8333333333333,25,13,3.33333333333333,2,2.66666666666667,2,2.5,8,37,2.00886666666667,2.28211111111111,18
"teilnehmer20_2","young adults",50,10,5,35,75,10,20,17.5,21,15,2,3,2.66666666666667,1,2.16666666666667,9,5,4.91654545454545,2.15122077922078,18
"teilnehmer20_2","young adults",25,20,30,15,70,45,35,29.1666666666667,18,15,2,2,2,1,1.75,8,10,2.97648148148148,1.76355555555556,18
"teilnehmer20_2","young adults",75,20,50,30,75,55,40,36.6666666666667,18,16,1.66666666666667,1.66666666666667,1.66666666666667,1.33333333333333,1.58333333333333,8,15,3.87771111111111,1.98879259259259,18
"teilnehmer20_2","young adults",0,30,60,30,75,60,45,41.6666666666667,15,18,2.33333333333333,1,1.66666666666667,1.33333333333333,1.58333333333333,9,20,2.29471111111111,NA,18
"teilnehmer20_2","young adults",100,30,65,35,75,70,70,49.1666666666667,17,19,2.33333333333333,1,1.66666666666667,1.33333333333333,1.58333333333333,10,30,NA,2.03527777777778,18
