url,creatorname,description
https://www.tiktok.com/@user243722714823/video/4419231739158.mp4,@user243722714823,War deine Wohnung – jetzt ist sie unsere 🔥 #Comedy #Deutschland#Beziehung #Humor#KI
https://www.tiktok.com/@facesfootballclub/video/0051687222550.mp4,@facesfootballclub,Lamine Yamal et sa copine 🤩 #yamal #lamineyamal #barca #fyp 
https://www.tiktok.com/@deepdreamclips/video/0255750065441.mp4,@deepdreamclips,#fypシ゚ #fürdich #KI #story #Früchte 
https://www.tiktok.com/@ai.honkie/video/0828552416534.mp4,@ai.honkie,He knows you love him 🤩 #donaldtrump #justinbieber #trendsong #viral #fyp 
https://www.tiktok.com/@pegugbfxqeh/video/0392874405153.mp4,@pegugbfxqeh,#FrühjahrsDeals #TikTokTrend #fürdich #garden #fpy 
https://www.tiktok.com/@fruitsstoriesai/video/5733003144481.mp4,@fruitsstoriesai,Strawberrina 🍓🍌 #aifruit #fruitai #früchte #ai 
https://www.tiktok.com/@bgedj2xta7/video/2740572450080.mp4,@bgedj2xta7,jetzt zum stark reduzierten preis versandkostenfrei#fyp #tiktokshop 
https://www.tiktok.com/@schnappnot/video/9229956246806.mp4,@schnappnot,"🎵10 kleine Kaffeetassen 🎵 und dein Tag beginnt mit guter Laune 🤡 zu Risiken und Nebenwirkungen fragen Sie, Ihren Chef oder Stellvertreter #musik #schnappnot #neuemusik #foryoupage❤️❤️ #kaffee "
https://www.tiktok.com/@celebrity.nun/video/0639746075926.mp4,@celebrity.nun,#CapCut #celebritynun #Maria #God #fyp #goviral #views #viral #onemillion #friends #yppppppppppppppppppppppp #goworldwide #gotrending #gotiktok #world #flypシ #italy #america #world #fy 
https://www.tiktok.com/@chill.feedz/video/1176738770198.mp4,@chill.feedz,ASMR🎙️Satisfying cutting 🔪✨#asmr##satisfyingvideos##satisfyingsounds##trends##asmrsounds##ki##fyp
https://www.tiktok.com/@weltxki/video/3309647785238.mp4,@weltxki,trifft es auch auf dich zu? #psychologie #ki #auto #arbeit #männer 
https://www.tiktok.com/@luckyballsprime/video/3917240872224.mp4,@luckyballsprime,@Atlético de Madrid VS @arsenal 🔥 #championsleague #london #atleticodemadrid #arsenal #madrid 
https://www.tiktok.com/@lucafanpage02/video/1288566017302.mp4,@lucafanpage02,#TikTokShop  #DealDrops #Spotlight #dealsfürdich #fyp    
https://www.tiktok.com/@simone_0607/video/6972276796704.mp4,@simone_0607,#hope#buckelwal#rettung#ostsee#freiheitfürhope
https://www.tiktok.com/@tik.tak.wo/video/2871735143702.mp4,@tik.tak.wo,Frohe Ostern. #Neu #new #foryоu #Märchenhaft #Häschen  #Lustig #Новинка #Hase #Пасха #зайчик #музыка #Весёлая #Ostern
https://www.tiktok.com/@sivoun_art/video/6416114052374.mp4,@sivoun_art,"""Golden hour glow and ocean vibes 🌅 Let the sunset kiss your skin!"" #BeachSunset #GoldenHour #OceanVibes #TropicalParadise #FYP"
https://www.tiktok.com/@lenny__legend/video/9269530299680.mp4,@lenny__legend,"STELL DIR VOR 🐋 Landwirt zieht Buckelwal Timmy alias „Hope"" vor Insel Poel mit seinem Traktor aus der Ostsee - am helllichten Tag, noch bevor das Rettungsschiff auftaucht. Finanziert von einem anonymen Fischstäbchenhersteller. Spezialfahrzeuge der Freiwilligen Feuerwehr aus drei Bundesländern pumpten im Vorfeld das Solebad Werne vollständig leer - um den Schutz seiner zarten Walhaut während des Transportes zu gewährleisten. Zu Ehren des Finanziers findet am kommenden Wochenende eine Ehrenpanade auf der Insel Sylt statt. Jeder Gast bekommt im alten Backhaus ein Gericht seiner Wal. Fiktion - oder doch nicht? 😏 Du hast die Wal! 🐋 #fy #ostsee #hope #wal #traktor "
https://www.tiktok.com/@lunamikaele0/video/2039857909025.mp4,@lunamikaele0,"3D-Animation, Humor, Komödie, lustig, Meme #früchte #gewohnheiten #drama #roman "
https://www.tiktok.com/@3zwzz/video/1911504956694.mp4,@3zwzz,"Billie Eilish Singing "" Pretty Little Baby "" #song #songs #ai "
https://www.tiktok.com/@pfotenliebepur/video/5724133240086.mp4,@pfotenliebepur,🥺💔 #unvergessen #ichvermissedich #verlust #abschied #trauer #ki #emotional #hunde #seelenhund #emotionalvideo #
https://www.tiktok.com/@yapyapbeats/video/6089785552160.mp4,@yapyapbeats,Hallo du da… @richtigklasseDE  @Marco🤍  #Ostern #Osterhase #FYPDeutschland #Lustig #yapyapbeats
https://www.tiktok.com/@drun_fanat/video/7313994001686.mp4,@drun_fanat,Темный друн устал решил расставить все точки над и. #меллстрой #рекомендации #прикол #друн #бой 
https://www.tiktok.com/@2w5wd/video/5954600914208.mp4,@2w5wd,Ein etwas anderer Ostergruß: Der Osterhase reitet stilecht auf seinem Hühner-Express vor und wünscht euch frohe Ostern. 🌷🥚#FroheOstern #Osterhase #Ostern #TikTokDeutschland #FunnyVideo 
https://www.tiktok.com/@fast_haze/video/8985802878230.mp4,@fast_haze,G2 48v vs G30 72v #eroller #escooter #erollertuning #ninebotg2 #ninebotg30max #vesc #72v #ninebot #shfw @Tilo 
https://www.tiktok.com/@mnijulhlsty/video/0963452226837.mp4,@mnijulhlsty,#JUNGKOOK  #CHANEL  #ELLEkorea  #AI 
https://www.tiktok.com/@lutsch.baer/video/6844423777558.mp4,@lutsch.baer,#comedy #lustig #ki #sketch #viral #Humor #meme #funny #deutsch #german
https://www.tiktok.com/@lifestyle.fakten/video/8473535851798.mp4,@lifestyle.fakten,Falsche Antworten bitte 😂🤝 #humor #ki #tippsundtricks #faktenvideo #lustigeclips 
https://www.tiktok.com/@naza_junior__237/video/4395728129302.mp4,@naza_junior__237,#madrid #millionsviews #vinijr #psg #dadju #dormund #lamineyamal #barcelona 
https://www.tiktok.com/@t3t0sqcwz8/video/5226021874976.mp4,@t3t0sqcwz8,#DealsFürDich #FrühlingsMustHaves#germany#tiktokmademebuyit#badezimmer 
https://www.tiktok.com/@naturunddu/video/4064428690721.mp4,@naturunddu,Mein absoluter Favorit diese Hose. WOW #klamotten #outfit #leggingsoftiktok #slay #foryou 
https://www.tiktok.com/@tiktokcomedybra/video/6241769532694.mp4,@tiktokcomedybra,Typisch Deutschland #deutschland #typischdeutschland #funny #ki 
https://www.tiktok.com/@c1344632dyf/video/9417785322785.mp4,@c1344632dyf,#ki #früchte 
https://www.tiktok.com/@demonium.ai/video/0289024847126.mp4,@demonium.ai,Ils viennent pour Pâques… mais pas pour cacher les œufs! #LapinDePâques  #ai #fyp #PâquesSombre #Terrifiant #HorreurTikTok #FrenchHorror #DarkEaster #foryou  #OsterhaseMaudit #animation  #GermanHorror #PâquesHorreur #TikTokHorreur  #LapinMaléfique  #PysankaCursed #UkrainianHorror #PâquesNoire #HorreurTikTok #EasterNightmare  #JapaneseHorror #DarkEaster  #PâquesJapon #Frankywave ' #CauchemarTikTok  #SuisseHorreur #PâquesMaudit #TikTokHorreur #EasterFromHell #DemoniumAI 
https://www.tiktok.com/@onlycutecritters/video/0194423442690.mp4,@onlycutecritters,Der freche Igel gratuliert allen Geburtstagsnasen . Teile es mit deinen Freunden. 🎉🥳🦔 #fyp #cutecritters #cuteanimals #igel #birthday #geburtstag 
https://www.tiktok.com/@fruitsserie6/video/0155916397856.mp4,@fruitsserie6,Jetzt liegt alles auf Draco… Keine Wahl - Folge 9 Teil 10? #kifrüchte #früchte #ki #drama #fy 
https://www.tiktok.com/@lachwindel/video/4218133294358.mp4,@lachwindel,"Mein neues Lieblingslied 🎶 – heute im Kindergarten gelernt 🧸 Viel Spaß, Mama & Papa 😌😂 #musik #lustigebabys #dancer #fyp "
https://www.tiktok.com/@tvhub53/video/6675092679968.mp4,@tvhub53,#früchte #kifrüchte #ki #kivideos #realitätsfern 
https://www.tiktok.com/@fruitsserie6/video/1247281573152.mp4,@fruitsserie6,Dracos Entführung… Keine Wahl - Folge 21 Teil 22? #kifrüchte #früchte #ki #drama #fy 
https://www.tiktok.com/@aza_ai_expert/video/2836489923861.mp4,@aza_ai_expert,"«Девушка и пять парней» (англ. Piper Perri Surrounded, с англ. — «Пайпер Перри в окружении») — интернет-мем, представляющий собой снимок из фильма в жанре гэнг-бэнг, где актриса Пайпер Перри сидит на диване, а позади неё стоят 5 мужчин #hanedit #fastandfurious #piperperri #tokyodrift #aivideo "
https://www.tiktok.com/@fun...art6/video/9443780070679.mp4,@fun...art6,#Funn #KI #lustigevideos #chiropractic 
https://www.tiktok.com/@ceal9wnvn2/video/2688275582240.mp4,@ceal9wnvn2,#FrühjahrsDeals #dealsfürdich #tiktokmademebuylt #DealsForYou #tiktokshop 
https://www.tiktok.com/@wunschlinge/video/8590130711841.mp4,@wunschlinge,Ich wünsche dir für den heutigen Tag alles Gute. Möge das Glück komplett auf deiner Seite sein. Fühl dich ganz fest umarmt. Liebe Grüße. #liebegrüße #allesgute #glückwünsche #glückwunsch #geburtstag 
https://www.tiktok.com/@lachwindel/video/5875787967777.mp4,@lachwindel,Frohe Ostern euch allen 🐰💛 #ostern #froheostern #lustigebabys #babiesoftiktok #fyp 
https://www.tiktok.com/@ai_storys56/video/5229183118614.mp4,@ai_storys56,#ki #kivideos #story #früchte
https://www.tiktok.com/@winetempress/video/4070483701022.mp4,@winetempress,вступайте в тгк  #winetempress #Endfield #arknightsendfield #arknights 
https://www.tiktok.com/@ai.meister2/video/5597457124611.mp4,@ai.meister2,#ki #essen #Lebensmittel #Zwiebel
https://www.tiktok.com/@winetempress/video/8215430057246.mp4,@winetempress,вступайте в тгк  #winetempress #Endfield #arknightsendfield #arknights 
https://www.tiktok.com/@diaastic_.8/video/2873141873938.mp4,@diaastic_.8,EID MUBARAK GOIZZ😽🤍#CapCut #foryou #fyp #foryoupage #trending #real #viral #repost #viewsproblem #unfreezemyaccount #viral #eid #2025 
https://www.tiktok.com/@fernandomendezveg7/video/1148430691591.mp4,@fernandomendezveg7,Pibble DANCE IA #pibbledance #IA #Meme #2026#CapCut 
https://www.tiktok.com/@tik.tak.wo/video/3619153743126.mp4,@tik.tak.wo,Frohe Ostern #Neu #new #foryоu #Lustig #Märchenhaft #Новинка #Весёлая #Ostern #Пасха #зайчик #Hase
https://www.tiktok.com/@aeffchenzeit/video/3642991807777.mp4,@aeffchenzeit,Guten Morgen! ☀️ Hast du die Eier gefunden? 🥚 Kommentiere: 🥚 = Noch nicht! 🐰 = Alle gefunden! 😂 = Bin zu alt! 💕 = Beste Tradition! Wer sucht HEUTE Eier? 👇 A) ICH! 🥚 B) Meine Kinder! 🐰 C) Wir alle! 💕 D) Ich bin zu alt! 😂 Markiere jemanden der Eier suchen muss! 🥚 Die schönste Oster-Tradition! 🐰 #ostern #gutenmorgen #gutenmorgenwelt #lustig #affe 
https://www.tiktok.com/@fruitsserie6/video/3823878778145.mp4,@fruitsserie6,Dracos Fehler… Keine Wahl - Folge 20 Teil 21? #kifrüchte #früchte #ki #drama #fy 
https://www.tiktok.com/@sclips284/video/1406478257430.mp4,@sclips284,Er hört schon zu aber 😅😂 #ki #baby #videos #fürdich #viral 
https://www.tiktok.com/@oneminlore/video/2214805646594.mp4,@oneminlore,#kifrüchte #früchte #ki #gewohnheiten #lustig
https://www.tiktok.com/@aeffchenzeit/video/6614726389024.mp4,@aeffchenzeit,"Guten Morgen, Zeit für einen Kaffee ☕🐵 Wenn dir morgens jemand so süß einen Kaffee bringen würde, wäre wirklich alles besser 🥹☕ „Guten Morgen, Zeit für einen Kaffee.“ Und ja — ich würde die Tasse sofort nehmen. 😄 Schick das an jemanden, der gerade dringend Kaffee braucht 💛 #äffchenzeit #gutenmorgen #kaffee #affe #kaffeepause "
https://www.tiktok.com/@tombyaiartist/video/4460088503574.mp4,@tombyaiartist,"⚽️👶 Baby kommentiert RB Leipzig: Stark wie die Bullen! 🐂 Unser kleiner Fan teilt seine süßen Gedanken zur letzten Leistung der Mannschaft. Für mehr charmante Fußballklips, folge uns! #RBLeipzig #Bundesliga #Fussball #BabyKommentator #fyp "
https://www.tiktok.com/@iammax1muz/video/4484751691039.mp4,@iammax1muz,Маша и Медведь часть 2  67 six seven @GAZAN  @POLI  #67 #mashaandthebear #машаимедведь #sixseven #gazan #газан #медведь #fyp #музыка #тренд #fyp 
https://www.tiktok.com/@prokendol112/video/3257268186376.mp4,@prokendol112,"Скебоб появился в 1872 году в на новый год в Челябинской области в городе Челябинск. Он сразу же стал самой крутой птицей в мире. В 17 лет он полюбил Скебобиху и начал с ней встречаться. Всё это продолжалось до 1890 года, он застыл во времени в возрасте 18 лет, это обусловлено тем, что он (и также Скебобиха) получили удар током во время зацеперства. После этого он и Скебобиха стали бессмертными. В 1893 году Скебоб сделал предложение Скебобихе и получил соглашение. Скебоб является отцом 100 детей от Скебобихи и также имеет очень много денег. Любит есть бананы и ананасы с молоком, от чего и дрищется каждый день. 🍍Ананасовая легенда🍍 #ананас #легенда #скебоб  #ананасоваялегенда #птица #зацепер #горит #мем #🔥  #братишкин #черная #дыра #black #hole #fire #mem #42 "
https://www.tiktok.com/@juliataviani/video/7149140708630.mp4,@juliataviani,Natural Beach Vibes - PART 5 #fyp #natural #positivevibes #trending 
https://www.tiktok.com/@dailylabs.fr/video/1713400442134.mp4,@dailylabs.fr,Who should I find next? 👀⬇️🖤 #michaeljackson #mj #thriller #pop #ai 
https://www.tiktok.com/@qian.fan5/video/6990593568008.mp4,@qian.fan5,Cuối cùng tôi cũng đã có nhà.#gugugaga #endfield #arknightsendfield #cute 
https://www.tiktok.com/@winetempress/video/8725924990238.mp4,@winetempress,вступайте в тгк  #winetempress #Endfield #arknightsendfield #arknights 
https://www.tiktok.com/@deepdreamclips/video/3696936095008.mp4,@deepdreamclips,#fypシ゚ #fürdich #KI #Früchte #story 
https://www.tiktok.com/@donmax1981/video/1573697334561.mp4,@donmax1981,What is going on 🤯😡🖐️⚽️#fcbayern #bayernmunich #championsleague #fußball #soccer 
https://www.tiktok.com/@szenario.x0/video/7127606856993.mp4,@szenario.x0,Würdet ihr auch so? #früchte #fürdich #lustig #gewohnheiten 
https://www.tiktok.com/@bernhard.nickel6/video/1283499175200.mp4,@bernhard.nickel6,#Natur 
https://www.tiktok.com/@throwflix/video/9723858939166.mp4,@throwflix,Michael Jackson: Skin Color Timeline #MichaelJackson #Michael #Vitiligo #KingOfPop #Moonwalker 
https://www.tiktok.com/@fruitclips27/video/1092110298401.mp4,@fruitclips27,#kifrüchte🍓🥒 #fyp #fy #früchte 
https://www.tiktok.com/@baby.weisheiten/video/5484632599830.mp4,@baby.weisheiten,Lecker 🥰 #KI #AI #funny #baby #viral 
https://www.tiktok.com/@supermoto_2025/video/8767885331730.mp4,@supermoto_2025,90'𝘀 𝗪𝗿𝗿𝗿 🌬️. #wrz #oldschooltwostroke  #2stroke #Dirtbike #twostrokelover #supermoto #fyp #foryoupage  #fyppage #fyppppppppppppppppppppppp 
https://www.tiktok.com/@bounjouaai.mo/video/8276710829335.mp4,@bounjouaai.mo,Moderne Gartenlounge bauen — sieh dir den Prozess an. #deutschland #viral #timelapse #fyp #garten 
https://www.tiktok.com/@ki.memes77/video/7638924438806.mp4,@ki.memes77,#fyp #ki #viral #humor #lustig 
https://www.tiktok.com/@raphi.gruber/video/8590714252566.mp4,@raphi.gruber,Dream Supermoto😮‍💨 #supermoto #husqvarna #motomaster #excel #fmf #nocap #excelrims #dreambike  #goviral 
https://www.tiktok.com/@.no_1.2know/video/2147472723222.mp4,@.no_1.2know,#fy #viral
https://www.tiktok.com/@camilaindica2/video/3263772560695.mp4,@camilaindica2,Ferrari 🔥  . #superbike #viral_video #motorcycle 
https://www.tiktok.com/@arminprobiert/video/4810464865558.mp4,@arminprobiert,Wer hat Zuhause das letzte Wort? 😂 #ki #viral #arminprobiert #deutsch #babytiktok   
https://www.tiktok.com/@qian.fan5/video/9920798690568.mp4,@qian.fan5,#gugugaga #endfield #arknightsendfield #cute 
https://www.tiktok.com/@c1344632dyf/video/6710785125665.mp4,@c1344632dyf,#ki #früchte 
https://www.tiktok.com/@c1344632dyf/video/0473534147873.mp4,@c1344632dyf,#ki #früchte #fyp 
https://www.tiktok.com/@pixelartistin/video/8565243342102.mp4,@pixelartistin,"Jeeehaaw ... Gute Reise, Hope ! Was für ein Ereignis!!! Ich freue mich für Hope, für alle seine Helfer und für alle, die mitgefiebert haben. Ein schöner Tag, nach all den Schwierigkeiten. Ich habe ja schon fast nicht mehr daran geglaubt. Wie wunderbar, dass Hope nun endlich seine Reise antreten kann. Drücken wir ihm die Daumen das alles glatt verläuft. Hach ... ich freu`mich so :) #hope #timmy #buckelwal #poel #ostsee #wal #wismarerbucht #cat #dog #aicat"
https://www.tiktok.com/@mrwhna370/video/7308246568199.mp4,@mrwhna370,#مصر #مصر_السعوديه_العراق_فلسطين #مشاهير_تيك_توك_مشاهير_العرب😂😂♥ #مالي_خلق_احط_هاشتاقات #مشاهير_تيك_توك 
https://www.tiktok.com/@user744080258708108/video/2838224432402.mp4,@user744080258708108,#رقص #بنات_تيك_توك #مشاهير_تيك_توك #الشعب_الصيني_ماله_حل😂😂 
https://www.tiktok.com/@kskwbvj/video/5073070861590.mp4,@kskwbvj,Diese Erdbeere ist fremd gegangen 😯🍓#fy #früchte #aistory #ki 
https://www.tiktok.com/@lifestyle.fakten/video/7209161067798.mp4,@lifestyle.fakten,Jungs 👂 #humor #ki #tippsundtricks #lustigeclips #faktenvideo 
https://www.tiktok.com/@qian.fan5/video/0985438260488.mp4,@qian.fan5,#gugugaga #endfield #arknightsendfield #cute 
https://www.tiktok.com/@oli_scoot__/video/7272082222368.mp4,@oli_scoot__,#supermoto 
https://www.tiktok.com/@ezdah00/video/2488188325142.mp4,@ezdah00,#ostern #2025 
https://www.tiktok.com/@ninovisk7/video/1100442406150.mp4,@ninovisk7,"Happy Easter, I love you. #petlovers #funny #viralvideos #foryoupage❤️❤️ #gato #fyp #ai #catlover #gatitostiktok  #gatostiktok #gatos #kidsoftiktok #funnybaby #gangnamstyle #gatostiktok #crescernotiktok #creatorsearchinsights"
https://www.tiktok.com/@wh0isit58/video/7323760766263.mp4,@wh0isit58,POV: you’re in the front row at the Bad Tour concert 🌧️🎤🔥 #michaeljackson #tatianathumbtzen #80s #foryoupage #concert          
https://www.tiktok.com/@slopainsky/video/2095734369537.mp4,@slopainsky,Billie Eilish sets the stage on fire with this outfit 😱🔥 #billieeilish #fyp #foryoupage❤️❤️ #eilish #wildflower 
https://www.tiktok.com/@gringa11939/video/7133982903574.mp4,@gringa11939,"Sende es an deinen Freund, der von Füßen besessen ist. #früchte #gewohnheiten"
https://www.tiktok.com/@hitarena_official/video/3078743379222.mp4,@hitarena_official,was gefällt euch auf der Arbeit am meisten 😄 ? also der Kaffee ist ganz gut ☕ #lustigevideos #fürdich #kaffee #feierabend #ai #dienstag #goodvibes #tiktokdeutschland 
https://www.tiktok.com/@shoptiktokwithme25/video/2378363251990.mp4,@shoptiktokwithme25,💕#fyp #TikTokShopUK #TikTokMadeMeBuylt #TikTokShopHolidayHaul#FlashSale ☕️ 
https://www.tiktok.com/@celebrity.nun/video/5356206460182.mp4,@celebrity.nun,#Congelar #CapCut #celebritynun #Maria #God #fyp #goviral #views #viral #onemillion #friends #yppppppppppppppppppppppp #goworldwide #gotrending #gotiktok #world #flypシ 
https://www.tiktok.com/@beck_visuals/video/2022710873366.mp4,@beck_visuals,"Tobias, das wird dein Tag😉 #tobias #tobi #fcbayern "
https://www.tiktok.com/@obstgeschichten1/video/9409073040662.mp4,@obstgeschichten1,#fruit #früchte #obst #germany #ki #viral #fyp #trend
https://www.tiktok.com/@_ki_kay_0/video/6535395036448.mp4,@_ki_kay_0,#knas #ki #früchte #seife 
https://www.tiktok.com/@tiannmolnarr/video/1442300308752.mp4,@tiannmolnarr,#runningtrend #beyoncerunning #viral 
https://www.tiktok.com/@derschiessburger/video/1648028003617.mp4,@derschiessburger,Wieder zurück #timmy #hope #meer #ki #satire 
https://www.tiktok.com/@ki.memes77/video/4321793461526.mp4,@ki.memes77,#ki#viralreels 
https://www.tiktok.com/@genclipz_daily/video/9481178189078.mp4,@genclipz_daily,💔| #ai #neymar #veo3 #dream #worldcup 
https://www.tiktok.com/@aichibihater/video/4613702716703.mp4,@aichibihater,#ai #chibi #aichibi #gugugaga #endmin #fyp #recommended #bullying #gacha #recommend #recommendations #rec #foryoupage #bully #arknights #endfield #arknightsendfield  You're so annoying!
https://www.tiktok.com/@seelenblick35/video/3784342252832.mp4,@seelenblick35,Seelenblick🌿 #jesus #wahrheit #gebet #liebe #weg 
https://www.tiktok.com/@ermi.das.hsv.baby/video/9113252867350.mp4,@ermi.das.hsv.baby,Ein wichtiger Punkt für uns! NUR DER HSV 💙🤍🖤 #hsv #fußball #hamburgersv #bundesliga 
https://www.tiktok.com/@gugugagakukukakaaaa/video/1476453600532.mp4,@gugugagakukukakaaaa,Why are you throwing snow at me?😣😣😣🐧🐧🐧 #gugugaga #endmin #anime #endfield #fyppppppppppppppppppppppp 
https://www.tiktok.com/@aiai8862/video/0158652247318.mp4,@aiai8862,#AI #Arbeit #worklifebalance #schichtarbeit 
https://www.tiktok.com/@iammax1muz/video/5991285542174.mp4,@iammax1muz,Маша И Медведь зажигают в деревне  67  @GAZAN  #67 #sixseven #машаимедведь #mashaandthebear #gazan #music #тренд #танцы #trending #fyp #деревня #село 
https://www.tiktok.com/@lenny__legend/video/3277702016289.mp4,@lenny__legend,"Stell dir vor, das Deutsche Meeresmuseum Stralsund wolle Timmy unbedingt haben. Für die Ausstellung. Für die Besucher. Für die Wissenschaft. Stell dir vor, das wäre wirklich ihr Plan gewesen. Und stell dir vor, es würde genauso aussehen! Doch dann dreht der Scania LKW, weil der Fahrer sich entschlossen hat, ihn nach Hause zu bringen. #fy #ostsee #hope #wal #lkw "
https://www.tiktok.com/@fruchtestorysai1/video/9963496533270.mp4,@fruchtestorysai1,#ki #früchte #fyp #virał #Animation
https://www.tiktok.com/@ashermanas.miami/video/5524615089421.mp4,@ashermanas.miami,67 Dance 🥹✌️ #sixseven #67 #dancinhasdotiktok #dancinha #braziliandance 
https://www.tiktok.com/@fun_with_ki/video/5264027094294.mp4,@fun_with_ki,Dein Geburtstag 🧡🧡 #gefühle #emotions #lebensfreude #entspannung #leben #grüße #StarkeFreundschaft #geburtstag #geburtstagsgeschenk #katzen
https://www.tiktok.com/@dailylabs.fr/video/8866055965974.mp4,@dailylabs.fr,Iconic albums always survive 💙 Who should I find next? ⬇️ TOP comment wins 👀 #billieeilish #billie #foundfootage #viral #ai 
https://www.tiktok.com/@milliaiart/video/2798058245398.mp4,@milliaiart,💎 #viraldance #dance #ki #fy #trend 
https://www.tiktok.com/@lagy_in_red/video/7967264091412.mp4,@lagy_in_red,#jimin #jungkook #jikook #kiss #bts 
https://www.tiktok.com/@theblacklotus9767/video/6846401228039.mp4,@theblacklotus9767,#jungkook #jk #AI #fyp  It will never be difficult for me to tell you these 8 letters: I love you. ♥️🔒
https://www.tiktok.com/@wunschlinge/video/8516583853334.mp4,@wunschlinge,
https://www.tiktok.com/@ceal9wnvn2/video/6075712490785.mp4,@ceal9wnvn2,
https://www.tiktok.com/@jeonsaena/video/7014442372359.mp4,@jeonsaena,
https://www.tiktok.com/@alexander_boh5/video/8743092776224.mp4,@alexander_boh5,
https://www.tiktok.com/@2.vin33/video/5300843965728.mp4,@2.vin33,
